Area,Perimeter,MajorAxisLength,MinorAxisLength,AspectRation,Eccentricity,ConvexArea,EquivDiameter,Extent,Solidity,roundness,Compactness,ShapeFactor1,ShapeFactor2,ShapeFactor3,ShapeFactor4,Class
70692,1006.43,378.5744663,238.1779057,1.589460891,0.777288656,71443,300.0130829,0.787865279,0.989488123,0.877027043,0.79248103,0.005355266,0.001302916,0.628026183,0.998223056,BARBUNYA
43828,761.709,268.6600495,208.1461163,1.29072814,0.632259745,44224,236.227735,0.802710623,0.991045586,0.949255983,0.879281216,0.006129872,0.002260177,0.773135457,0.99790769,SEKER
86471,1156.345,438.1979858,256.5162184,1.708266201,0.810752666,89363,331.8106338,0.692876603,0.967637613,0.812653653,0.757216246,0.005067572,0.001027683,0.573376443,0.979479598,CALI
78962,1104.024,428.4865065,235.1973086,1.821817218,0.835886392,79957,317.0765537,0.777200339,0.987555811,0.814087291,0.739991923,0.00542649,0.001003706,0.547588045,0.99760533,BARBUNYA
35845,695.113,255.3819574,178.9410582,1.427184794,0.713475565,36136,213.633498,0.721169322,0.991947089,0.932239772,0.836525416,0.007124619,0.002152078,0.699774771,0.998707913,DERMASON
31160,663.361,246.5982634,161.1849942,1.529908319,0.756810858,31585,199.1836946,0.729469051,0.986544246,0.889830818,0.807725455,0.007913937,0.002077913,0.652420411,0.998143415,DERMASON
39810,737.018,271.0841101,187.7084632,1.44417628,0.721479069,40176,225.1392153,0.713837437,0.990890084,0.920970782,0.830514246,0.006809448,0.001998389,0.689753913,0.99612624,DERMASON
31390,653.785,237.5376375,169.070098,1.404965398,0.702421419,31812,199.9174562,0.711936676,0.986734566,0.922850337,0.841624335,0.007567303,0.002342038,0.708331521,0.995181278,DERMASON
30917,640.765,213.5600894,184.4398709,1.157884618,0.504102365,31280,198.4055115,0.770805285,0.988395141,0.94625818,0.929038343,0.006907529,0.00317422,0.863112242,0.999384389,SEKER
67856,1036.144,372.7244725,232.5676809,1.602649479,0.781450884,69052,293.9335683,0.810201547,0.98267972,0.794251212,0.788608181,0.005492874,0.001310462,0.621902863,0.996692299,BARBUNYA
31972,663.164,253.7896426,160.8282722,1.578016347,0.773573166,32272,201.7622728,0.740915832,0.990704016,0.913561489,0.794998057,0.007937872,0.001955907,0.632021911,0.997340907,DERMASON
39462,720.25,233.5236698,215.4661437,1.083806791,0.385581744,39808,224.1530257,0.776077722,0.99130828,0.955921924,0.959872829,0.005917685,0.003098749,0.921355849,0.998571726,SEKER
172351,1588.837,601.4149897,367.8191115,1.63508358,0.791175231,173929,468.4486191,0.83275433,0.990927332,0.857955933,0.778910781,0.003489478,0.000792303,0.606702004,0.992008485,BOMBAY
32896,682.943,249.3393694,168.1681006,1.482679346,0.738316264,33349,204.657001,0.78638363,0.986416384,0.886306718,0.820796978,0.007579626,0.002122123,0.67370768,0.998892462,DERMASON
34513,690.576,257.9915932,170.6310975,1.511984609,0.750048885,34852,209.6266119,0.788526126,0.990273155,0.909430706,0.812532723,0.0074752,0.002009861,0.660209427,0.998226492,DERMASON
25895,592.636,217.8824446,151.4506889,1.438636207,0.718910392,26198,181.5779117,0.724781684,0.988434232,0.926509167,0.833375594,0.008414074,0.002503509,0.69451488,0.999154253,DERMASON
28117,627.741,225.9123035,158.631502,1.424132663,0.711997722,28470,189.2080238,0.769338113,0.987600983,0.896639475,0.837528638,0.008034723,0.002438649,0.70145422,0.998963866,DERMASON
40711,781.572,318.9250429,163.1323745,1.955007667,0.859279143,41251,227.6726929,0.803089184,0.986909408,0.837497751,0.713875244,0.007833879,0.001255006,0.509617865,0.996306832,HOROZ
40556,753.828,284.165244,182.2939555,1.558829766,0.767117292,41011,227.2388677,0.766349842,0.988905416,0.896851314,0.799671573,0.007006737,0.00176743,0.639474625,0.99683208,DERMASON
29708,641.595,226.5666379,167.6910498,1.35109559,0.67245272,30162,194.4875327,0.710887772,0.984947948,0.906904042,0.858412053,0.007626452,0.00255438,0.736871252,0.9955835,DERMASON
38800,721.457,248.267441,199.3780455,1.245209523,0.595874322,39236,222.2649193,0.774512935,0.988887756,0.936743496,0.895264068,0.006398645,0.002535551,0.801497752,0.998032634,SEKER
46229,832.722,335.536203,176.0917216,1.905462676,0.851221296,46809,242.6120172,0.636500069,0.98760922,0.837769,0.723057647,0.007258132,0.00122376,0.52281236,0.996199439,HOROZ
33143,675.558,253.666442,166.7450129,1.521283531,0.753594434,33472,205.4238989,0.762346176,0.990170889,0.912591456,0.809818978,0.007653696,0.002030499,0.655806777,0.99766805,DERMASON
41993,759.674,284.925087,187.9266446,1.516150557,0.75164744,42368,231.2296439,0.769102564,0.99114898,0.914391626,0.811545401,0.006785061,0.001815452,0.658605937,0.998545759,SIRA
68395,1008.539,381.9192243,230.7822059,1.654890258,0.796779868,69705,295.0986592,0.729780196,0.981206513,0.844984659,0.772672964,0.005584023,0.00122775,0.59702351,0.98800839,CALI
31281,656.86,246.7217383,161.891105,1.523998112,0.754614151,31598,199.5700534,0.767405917,0.989967719,0.911055555,0.808887189,0.007887271,0.002082852,0.654298485,0.997149655,DERMASON
54810,874.836,328.4743517,213.0700617,1.541626023,0.761073416,55365,264.1708906,0.754044684,0.989975616,0.89994584,0.804235975,0.005992964,0.00154652,0.646795504,0.99711678,SIRA
58360,1017.74,343.4058788,217.0433676,1.582199367,0.774942614,59984,272.5917457,0.737716315,0.972926114,0.708029674,0.793788815,0.005884268,0.001441093,0.630100684,0.996944903,BARBUNYA
77947,1073.069,401.0536846,248.347756,1.614887491,0.785203203,78874,315.0320663,0.80095152,0.988247078,0.850656004,0.785510964,0.00514521,0.001208348,0.617027474,0.99642995,BARBUNYA
31905,663.989,250.5939394,162.6181497,1.540996131,0.760847351,32220,201.5507571,0.753898866,0.990223464,0.909383026,0.804292225,0.007854378,0.002027436,0.646885983,0.996848797,DERMASON
51643,855.523,307.9956112,213.6247263,1.441760121,0.720363573,52139,256.4252519,0.786066547,0.990486968,0.886661697,0.832561383,0.005963937,0.001767575,0.693158456,0.999368219,CALI
57994,906.71,339.931533,217.4740111,1.563090372,0.768576183,58461,271.7356328,0.787362876,0.992011769,0.886453823,0.799383424,0.005861495,0.001476416,0.639013859,0.998836411,SEKER
41845,779.103,294.7959058,181.7622974,1.621875989,0.78730013,42528,230.8218117,0.703111873,0.983939992,0.866290762,0.782988526,0.007044949,0.00163335,0.613071031,0.994325185,SIRA
25308,596.521,219.3471346,147.3987193,1.488121034,0.740561716,25685,179.5080678,0.727910723,0.985322172,0.89375033,0.818374346,0.008667107,0.00239807,0.66973657,0.996649077,DERMASON
30168,645.659,245.8084162,156.791632,1.567739381,0.770151407,30504,195.9874756,0.80914065,0.988985051,0.909389562,0.797318003,0.008147985,0.002031217,0.635715998,0.996637006,DERMASON
35955,683.377,242.604317,188.8736921,1.284479136,0.627612745,36232,213.9610428,0.743624744,0.992354824,0.967494358,0.881934194,0.006747443,0.002518046,0.777807923,0.999078049,SEKER
82455,1101.381,420.8123707,252.3648052,1.667476455,0.800218454,84427,324.0138371,0.710041592,0.976642543,0.854184526,0.769972224,0.00510354,0.0011065,0.592857226,0.988575466,CALI
49227,807.687,289.3830362,216.8052717,1.334760146,0.662345789,49748,250.3552737,0.753017301,0.989527217,0.948259163,0.865134588,0.005878543,0.002031347,0.748457855,0.999011716,SEKER
36779,693.373,247.0612347,189.8961047,1.301033716,0.639706126,37052,216.3988845,0.783065066,0.992631977,0.961337599,0.875891699,0.006717454,0.002438856,0.767186268,0.9981352,DERMASON
60153,946.769,373.5285522,206.3888199,1.809829391,0.833487529,60790,276.7474992,0.815081301,0.989521303,0.843294168,0.740900522,0.006209641,0.001154213,0.548933583,0.993476133,HOROZ
44164,791.839,300.4440647,187.9431277,1.598590321,0.780183164,44698,237.1315062,0.694140576,0.988053157,0.885124759,0.789270064,0.006802918,0.001628462,0.622947234,0.995837419,SIRA
41854,764.973,289.0148725,185.5032852,1.558004066,0.766832852,42437,230.8466329,0.683397557,0.986261988,0.898782526,0.798736172,0.006905311,0.00173371,0.637979472,0.993974612,SIRA
26253,590.582,216.9667002,154.2669578,1.40643663,0.703175073,26516,182.8287662,0.792495547,0.99008146,0.945863333,0.842658187,0.008264454,0.002570394,0.71007282,0.998672424,DERMASON
66423,967.29,351.1412885,241.1765389,1.455951272,0.726812267,67104,290.8133255,0.754995567,0.989851574,0.892102907,0.828194619,0.005286441,0.001534168,0.685906326,0.998646188,BARBUNYA
41826,772.831,294.5868134,181.3121835,1.624749135,0.788152791,42287,230.7694026,0.800221933,0.989098304,0.88000903,0.78336637,0.007043151,0.001636087,0.613662869,0.997048217,DERMASON
39175,748.177,288.9841472,173.4647345,1.665953302,0.799807245,39848,223.336426,0.791014639,0.983110821,0.879447994,0.772832794,0.007376749,0.001623256,0.597270528,0.995024808,SIRA
34787,690.348,258.6507219,171.4995535,1.508171402,0.748571028,35201,210.4570836,0.715119745,0.98823897,0.917256291,0.813672902,0.00743527,0.00201037,0.662063592,0.998505376,DERMASON
36244,693.795,258.6270773,178.7907749,1.446534797,0.722560917,36504,214.8192125,0.768483769,0.992877493,0.946201548,0.830613773,0.007135721,0.002095145,0.68991924,0.997992188,DERMASON
64109,960.565,332.3469497,246.8376575,1.346419153,0.669612364,65115,285.7028421,0.705580013,0.984550411,0.873122842,0.859652367,0.005184092,0.001746401,0.739002193,0.995006706,BARBUNYA
66972,986.094,368.1112827,232.4928928,1.583322734,0.775308127,67922,292.0126689,0.74148869,0.986013368,0.86549886,0.793272803,0.005496495,0.001342629,0.629281739,0.996356084,CALI
28392,625.919,228.4209322,158.983436,1.436759312,0.718031312,28796,190.1310526,0.785046729,0.985970274,0.91068793,0.832371406,0.008045257,0.002382255,0.692842158,0.995447423,DERMASON
37916,732.54,259.5328974,186.6859006,1.390211562,0.694684073,38307,219.7183437,0.784912847,0.989792988,0.887911519,0.846591495,0.006844944,0.002168929,0.71671716,0.996388482,SEKER
64517,989.617,358.2773488,230.0473935,1.557406686,0.766626717,65672,286.6105297,0.713715209,0.982412596,0.827846343,0.799968322,0.005553224,0.001402866,0.639949317,0.996661345,BARBUNYA
46836,804.02,292.5881968,204.8225655,1.428495909,0.714106567,47389,244.1996055,0.723134881,0.988330625,0.910449701,0.834618786,0.006247079,0.001869861,0.696588517,0.995073847,SIRA
202236,1685.383,633.5119695,408.9218693,1.549224967,0.763773753,203633,507.439526,0.79706455,0.993139619,0.894686971,0.800994378,0.003132538,0.000795415,0.641591994,0.993970335,BOMBAY
63007,962.629,369.3044686,219.0893003,1.685634433,0.805019433,63780,283.2366572,0.786074307,0.987880213,0.85443845,0.766946196,0.005861324,0.001250936,0.588206467,0.991501075,CALI
86549,1132.936,441.0470251,252.0611176,1.749762237,0.820597734,87468,331.9602527,0.830700273,0.9894933,0.847346742,0.752664078,0.005095923,0.001008805,0.566503215,0.991245933,CALI
28881,625.016,238.0328966,154.7716816,1.537961559,0.759753415,29126,191.7613916,0.698114576,0.991588272,0.929051567,0.80560878,0.008241851,0.002141417,0.649005507,0.998145521,DERMASON
39106,752.94,281.2942918,178.0082033,1.580232183,0.774300248,39692,223.139655,0.778507724,0.98523632,0.86682718,0.793260516,0.007193124,0.001756955,0.629262246,0.994380453,SIRA
57144,878.194,314.6127709,231.565,1.358636974,0.676946976,57621,269.7369099,0.78873706,0.991721768,0.931106953,0.857361604,0.005505613,0.001835023,0.73506892,0.998691813,SEKER
52923,910.943,379.9482538,178.1583825,2.132643149,0.883250358,53539,259.5836213,0.73001269,0.988494369,0.801441658,0.683207828,0.007179265,0.000964875,0.466772936,0.995460105,HOROZ
184827,1607.292,599.8428246,393.4595067,1.52453509,0.754815056,186978,485.1072514,0.791838571,0.988495973,0.899053865,0.808723938,0.003245429,0.000856353,0.654034408,0.997098405,BOMBAY
34327,677.311,231.1581283,189.3043718,1.221092393,0.573880789,34714,209.0609812,0.793596116,0.98885176,0.940306539,0.904406791,0.006734003,0.002779127,0.817951644,0.998794531,SEKER
168684,1534.945,583.5431611,368.6418716,1.582954097,0.775188288,169806,463.4383879,0.770021546,0.99339246,0.899700823,0.794180137,0.003459387,0.000848897,0.630722091,0.998404118,BOMBAY
30891,640.842,218.6057702,180.7010365,1.209764893,0.562779747,31281,198.3220683,0.742732803,0.987532368,0.945235224,0.907213328,0.007076682,0.002956971,0.823036023,0.995680086,DERMASON
23307,579.979,228.9675009,129.7481935,1.764706657,0.823947311,23567,172.2654756,0.802140694,0.988967624,0.870706332,0.752357758,0.00982398,0.001941623,0.566042196,0.998898431,DERMASON
49011,840.74,318.6756123,196.7553529,1.619654091,0.786636988,49596,249.8054109,0.690198564,0.988204694,0.871324663,0.783886188,0.006502124,0.001514423,0.614477556,0.995241087,SIRA
37282,733.113,272.2276484,175.1793883,1.553993601,0.765443343,37918,217.8736255,0.691406105,0.983226963,0.871700359,0.800336141,0.007301852,0.001848002,0.640537938,0.995391857,SIRA
166639,1586.606,581.6554036,367.4490468,1.582955266,0.775188668,170464,460.6206297,0.768063237,0.977561245,0.831856339,0.791913265,0.003490512,0.000846797,0.627126619,0.992713384,BOMBAY
72044,1009.725,380.233959,242.8633627,1.565629146,0.769438534,72712,302.8684034,0.735090351,0.990813071,0.887976481,0.796531704,0.005277802,0.001310524,0.634462756,0.993333382,BARBUNYA
86674,1136.184,443.934221,250.4562947,1.772501752,0.82565569,87892,332.1998861,0.689909338,0.986142083,0.84372587,0.748308804,0.005121885,0.000990679,0.559966067,0.992540834,CALI
36349,712.437,272.5230694,170.0221331,1.602868193,0.78151886,36670,215.1301564,0.713061048,0.99124625,0.899931387,0.789401635,0.007497402,0.001795902,0.623154941,0.998835234,DERMASON
40219,756.289,275.0865184,186.4543659,1.475355737,0.735243901,40710,226.2927777,0.733468286,0.987939081,0.883620056,0.82262402,0.006839716,0.001932072,0.676710279,0.998388392,SIRA
26217,599.714,222.9190747,150.1628473,1.484515503,0.739077459,26534,182.7033693,0.73796656,0.988053064,0.916019003,0.819595046,0.008502845,0.00236669,0.671736039,0.997202564,DERMASON
31351,665.596,259.950543,154.1686321,1.686144188,0.805151572,31734,199.7932255,0.713073739,0.987930926,0.889282724,0.768581682,0.008291619,0.001784757,0.590717802,0.996035388,DERMASON
77878,1093.529,427.3748936,233.5378483,1.830002703,0.837493504,78711,314.8925996,0.800793822,0.989416981,0.818397029,0.7368065,0.005487749,0.000997672,0.542883819,0.993478855,CALI
164326,1532.137,575.6881804,366.3518001,1.571408085,0.771382372,165918,457.4126818,0.842464138,0.990404899,0.879672361,0.794549371,0.00350333,0.00086128,0.631308703,0.9920436,BOMBAY
26243,598.645,221.1871878,151.4089166,1.460859722,0.728986172,26515,182.7939424,0.755999193,0.989741656,0.920205078,0.826421929,0.008428426,0.002425122,0.682973205,0.997728046,DERMASON
60736,985.501,342.4453022,226.7417755,1.510287645,0.749392947,61680,278.0853772,0.789353296,0.984695201,0.785854079,0.812057795,0.005638259,0.00151242,0.659437863,0.995940857,BARBUNYA
58959,958.214,381.4574722,200.2629329,1.90478321,0.851105849,59861,273.9870988,0.63020683,0.984931759,0.806928304,0.718263814,0.006469877,0.001062213,0.515902906,0.982683194,HOROZ
31667,654.114,244.4430233,165.2762433,1.478996729,0.736778658,31918,200.7976012,0.79127936,0.992136099,0.93005771,0.821449508,0.007719172,0.002168073,0.674779294,0.997996369,DERMASON
47182,821.453,300.4851919,201.1537883,1.493808267,0.742875182,47785,245.0999555,0.70862996,0.987380977,0.878659826,0.815680646,0.00636864,0.00173903,0.665334917,0.993882799,SIRA
28026,610.943,215.446569,165.7403773,1.299903937,0.638902625,28302,188.9015921,0.776687729,0.990248039,0.94356016,0.876790904,0.007687382,0.002802479,0.76876229,0.999317127,DERMASON
45638,806.878,304.8508151,191.8747638,1.588800992,0.777077076,46250,241.0562307,0.814237288,0.986767568,0.880888052,0.79073507,0.006679758,0.001610885,0.625261951,0.993416808,SIRA
44515,786.469,297.6097129,191.1638368,1.556830612,0.766427656,44934,238.0719604,0.762243151,0.990675213,0.90438432,0.799946877,0.006685605,0.001688749,0.639915006,0.99623927,SIRA
64244,963.98,342.9316574,239.1408081,1.434015633,0.716738085,65055,286.0034988,0.751268798,0.987533625,0.86877315,0.833995616,0.005337956,0.001592978,0.695548687,0.997427691,BARBUNYA
73141,1087.269,432.2970408,216.4599762,1.997122279,0.865609042,74002,305.165551,0.641317691,0.988365179,0.777493463,0.705916354,0.005910461,0.000905345,0.498317899,0.995201779,HOROZ
41448,780.947,293.1096562,180.7261375,1.621844301,0.787290696,42042,229.7242535,0.69043177,0.985871272,0.854024484,0.7837485,0.007071744,0.001645937,0.614261712,0.996236857,SIRA
43156,780.507,289.2802886,190.9457232,1.514987001,0.751202629,43845,234.4097391,0.7552942,0.984285551,0.890220198,0.810320469,0.00670313,0.001782726,0.656619263,0.994769647,SIRA
36137,703.387,240.4936544,191.5025775,1.255824634,0.604915692,36540,214.5018821,0.781239191,0.988970991,0.917853324,0.891923251,0.006655053,0.002598012,0.795527086,0.999042512,SEKER
33540,697.714,257.4891433,166.5592919,1.545930823,0.762609219,34165,206.6505609,0.72522055,0.981706425,0.865800929,0.802560288,0.007677076,0.001964655,0.644103015,0.995738705,SIRA
32771,660.823,240.4080195,173.8389125,1.382935593,0.690743911,33168,204.2677976,0.764962652,0.988030632,0.94303814,0.849671313,0.007335999,0.002358538,0.72194134,0.998398375,DERMASON
29850,632.695,225.9155814,168.5936421,1.340000599,0.665645243,30231,194.95179,0.747801689,0.987397043,0.937055674,0.862940877,0.007568361,0.002588843,0.744666957,0.997854169,DERMASON
46130,818.05,317.7058615,185.4007666,1.713616763,0.81206927,46595,242.3520996,0.796649685,0.990020388,0.866230798,0.762819101,0.006887185,0.001438493,0.581892981,0.997141566,SIRA
45595,801.717,301.0928283,193.505323,1.555992484,0.766137556,46054,240.9426426,0.769925701,0.990033439,0.891425183,0.800227106,0.006603637,0.001670383,0.640363421,0.99640067,SIRA
25721,605.986,236.325713,138.9916616,1.700286982,0.808762038,26011,180.9668321,0.677224855,0.988850871,0.880182099,0.765751766,0.009188045,0.001948745,0.586375768,0.997007085,DERMASON
34909,698.071,263.9343971,168.8021781,1.563572225,0.768740253,35334,210.8258031,0.762871503,0.987971925,0.900218802,0.798781081,0.00756064,0.00189867,0.638051216,0.997639159,DERMASON
52563,908.526,378.3836274,177.4124465,2.132790764,0.883267586,53213,258.6992273,0.811558177,0.98778494,0.800230846,0.683695616,0.007198669,0.000970249,0.467439696,0.996951065,HOROZ
61658,1044.245,401.5379991,197.3196671,2.034961872,0.870928532,62813,280.1881579,0.788394901,0.981612087,0.710549746,0.697787404,0.006512342,0.000952378,0.486907261,0.990837711,HOROZ
47225,983.252,352.8577577,171.1026699,2.062257461,0.874566549,48501,245.2116178,0.793697479,0.973691264,0.613835715,0.694930499,0.007471842,0.001074912,0.482928399,0.995922694,HOROZ
49245,822.642,301.392791,208.3464437,1.446594363,0.72258815,49720,250.4010411,0.777225379,0.9904465,0.914429543,0.830812974,0.006120272,0.00179872,0.690250198,0.998512046,CALI
45073,782.275,270.1065059,212.858481,1.268948762,0.615606268,45552,239.5594415,0.793315263,0.989484545,0.925566072,0.886907335,0.005992645,0.002287238,0.786604622,0.998160961,SEKER
68138,1047.464,344.7302088,253.3359902,1.360762869,0.678195102,69362,294.5437083,0.782296211,0.98235345,0.780406781,0.854418037,0.005059295,0.001663226,0.730030182,0.993397965,BARBUNYA
25994,612.498,226.9005514,146.6524853,1.547198814,0.763058566,26369,181.9246787,0.704444444,0.985778755,0.870710193,0.801781563,0.008728959,0.002225187,0.642853675,0.994622443,DERMASON
46401,813.074,319.0484266,186.2308531,1.713187806,0.81196425,46898,243.0629304,0.789777369,0.989402533,0.882017205,0.761837107,0.006875895,0.001428754,0.580395778,0.994326969,SIRA
41197,853.7,250.9006734,210.0639459,1.194401411,0.546836425,42508,229.0276174,0.737504475,0.969158747,0.710337746,0.912821852,0.006090266,0.002608315,0.833243734,0.995227492,SEKER
73658,1040.73,405.8628811,234.02689,1.734257465,0.817015538,75124,306.2421891,0.680657204,0.980485597,0.854581799,0.75454594,0.005510099,0.001101747,0.569339575,0.987381409,CALI
31706,655.576,239.022397,169.246283,1.412275607,0.70613514,32019,200.9212109,0.809322034,0.990224554,0.927054416,0.840595749,0.007538712,0.002321805,0.706601214,0.997915658,DERMASON
56606,933.43,372.8717469,193.9261376,1.922751371,0.854112654,57322,268.464146,0.729317787,0.987509159,0.816410951,0.719990582,0.006587142,0.001091903,0.518386438,0.996728234,HOROZ
70413,1068.42,371.2253173,243.1744321,1.526580381,0.755577854,71731,299.420467,0.716627992,0.981625796,0.775137404,0.806573402,0.005272113,0.001376385,0.650560652,0.993133129,BARBUNYA
38713,734.278,269.888704,183.1876498,1.473290936,0.734367045,39159,222.0155907,0.726322702,0.988610537,0.902288992,0.822619055,0.006971526,0.001969258,0.67670211,0.996979084,SIRA
44565,833.876,272.2965416,209.5186986,1.299628832,0.638706499,45809,238.2056261,0.699212376,0.972843764,0.805379973,0.874802246,0.006110099,0.002207331,0.765278969,0.994578613,SEKER
51408,866.227,300.8424616,218.0567255,1.379652294,0.688937967,52127,255.8411588,0.743610143,0.986206764,0.860948432,0.850415721,0.005852055,0.001888049,0.723206898,0.997774056,SEKER
39158,727.678,243.0275665,205.6639014,1.181673423,0.532774098,39634,223.2879623,0.76331384,0.98799011,0.92929131,0.918776275,0.006206332,0.00272806,0.844149844,0.997509436,SEKER
83242,1136.826,401.0345748,265.7398989,1.509124435,0.748941712,84536,325.5564562,0.705590167,0.984692912,0.80940219,0.811791493,0.004817695,0.001290616,0.659005428,0.994521194,BARBUNYA
33866,668.421,230.9311586,186.8608751,1.23584543,0.587584681,34171,207.652427,0.799933862,0.991074303,0.952518888,0.899196229,0.006818968,0.002749896,0.808553858,0.999247591,SEKER
55148,939.385,386.7406464,182.4424636,2.119795133,0.881735721,55722,264.9841777,0.675684285,0.989698862,0.785330363,0.685172816,0.007012777,0.000953389,0.469461787,0.995162812,HOROZ
37943,725.296,272.4195768,177.7357646,1.532722338,0.757845642,38424,219.7965606,0.777903067,0.987481782,0.906381359,0.806831004,0.007179706,0.001876795,0.650976269,0.997765869,DERMASON
44820,793.455,291.3117869,196.6079283,1.48168891,0.737904168,45279,238.8861578,0.816215035,0.98986285,0.894616932,0.820036018,0.006499594,0.001812999,0.672459071,0.996375148,SIRA
34961,689.99,248.6870586,179.2903659,1.387063144,0.692989464,35316,210.9827664,0.769371273,0.989947899,0.922801129,0.848386593,0.007113271,0.00227313,0.719759811,0.998352307,DERMASON
70765,1035.257,396.4028105,229.6777805,1.725908399,0.815039764,71792,300.167947,0.802160557,0.985694785,0.829720888,0.757229613,0.005601679,0.001136078,0.573396688,0.989630159,HOROZ
80987,1094.035,425.6211603,244.0051867,1.744311939,0.819351167,81826,321.1165692,0.761356372,0.989746535,0.850281527,0.754465706,0.005255426,0.001050378,0.569218502,0.992894628,CALI
51782,858.661,311.3287503,212.4263601,1.465584356,0.731052055,52581,256.7701114,0.713663552,0.984804397,0.882561968,0.824755539,0.006012297,0.001716015,0.6802217,0.996922282,BARBUNYA
40253,769.301,290.2107803,177.4861125,1.635118242,0.791185252,40881,226.3884083,0.730597503,0.984638341,0.854703581,0.780082697,0.007209668,0.001646864,0.608529014,0.995016892,SIRA
29767,637.316,233.0194804,163.1492514,1.428259575,0.713992996,30108,194.6805628,0.786654334,0.988674107,0.92094838,0.835469045,0.007828114,0.002352656,0.698008526,0.99693736,DERMASON
42910,775.828,294.1528078,186.5349081,1.576931689,0.773215889,43416,233.7406872,0.733955939,0.98834531,0.8958545,0.794623342,0.006855111,0.00168593,0.631426256,0.995716072,SIRA
44141,765.323,271.778025,207.1410008,1.312043603,0.647377176,44515,237.0697508,0.797488708,0.991598338,0.947027306,0.87229183,0.006157043,0.002198868,0.760893037,0.998324842,SEKER
50248,851.074,326.8805566,196.7698886,1.661232616,0.798524238,50903,252.9382151,0.789070352,0.987132389,0.871754099,0.773794005,0.006505345,0.001438638,0.598757162,0.994674927,SIRA
37240,742.398,280.7374947,169.3158837,1.658069454,0.797657237,37762,217.7508683,0.709738898,0.98617658,0.849074797,0.77563871,0.007538601,0.001683094,0.601615409,0.997520132,SIRA
45725,778.722,276.2327551,210.989002,1.309228218,0.645442605,46072,241.2858848,0.744913087,0.99246831,0.947542481,0.873487594,0.006041176,0.002169343,0.762980578,0.998915702,SEKER
47029,799.758,291.5428207,206.0037694,1.415230516,0.707614528,47545,244.7022324,0.771599672,0.989147124,0.923971174,0.839335477,0.006199214,0.001897836,0.704484042,0.997007315,SIRA
52196,913.614,373.0085089,179.0470745,2.08329854,0.877264102,52904,257.7945137,0.674305941,0.986617269,0.785817316,0.69112234,0.007146304,0.001005729,0.477650089,0.995087734,HOROZ
88103,1224.156,418.9478443,268.4780637,1.560454655,0.767675414,89631,334.9271915,0.701099758,0.982952327,0.738800243,0.799448418,0.004755205,0.001198149,0.639117774,0.997314305,BARBUNYA
50447,844.685,317.7933992,203.0782459,1.564881545,0.769185132,51135,253.4385829,0.710501113,0.986545419,0.888496343,0.797494799,0.00629955,0.001571812,0.635997954,0.995261461,SIRA
60319,950.938,375.0190633,207.5363321,1.807004391,0.83291424,60953,277.1290964,0.706625899,0.989598543,0.838223037,0.738973358,0.006217263,0.001143653,0.546081623,0.986771891,HOROZ
47760,817.968,300.7705221,202.8335896,1.482843757,0.73838457,48238,246.5966761,0.802230658,0.9900908,0.897018819,0.819883127,0.00629754,0.001755329,0.672208342,0.996779943,SIRA
51501,905.407,355.0941294,185.8538798,1.910609183,0.852091238,52413,256.0724698,0.630830475,0.982599737,0.789473997,0.721139688,0.006894898,0.001150231,0.52004245,0.993597881,HOROZ
45009,768.751,277.9183465,206.4853569,1.345947,0.669323269,45398,239.3893036,0.743643123,0.991431341,0.95705708,0.861365601,0.006174728,0.002096755,0.741950698,0.998626317,SEKER
40074,783.028,325.4723144,157.6263883,2.064833928,0.874901751,40557,225.8844871,0.820768049,0.988090835,0.821330544,0.694020588,0.008121783,0.001162306,0.481664577,0.99455736,HOROZ
76161,1088.451,430.8531802,228.5727479,1.884971784,0.847677476,77773,311.4019861,0.802370417,0.979273012,0.807838852,0.722756615,0.005657137,0.000952236,0.522377125,0.98466614,CALI
73021,1081.342,378.7105394,246.2334718,1.538014051,0.759772407,74208,304.9151108,0.709348073,0.98400442,0.784750312,0.805140283,0.005186324,0.001344391,0.648250875,0.997018954,BARBUNYA
65610,1081.364,342.2177385,246.0475649,1.390860091,0.695031199,68005,289.0281068,0.690043226,0.964782001,0.705076252,0.844573715,0.005215939,0.001637052,0.713304761,0.992107124,BARBUNYA
72094,1020.532,398.4841287,233.3607701,1.707588334,0.810584827,73283,302.9734836,0.776005339,0.983775228,0.869872762,0.760315058,0.005527286,0.001139373,0.578078988,0.987120936,CALI
46828,779.434,268.1653772,222.5908282,1.204745853,0.557688109,47157,244.1787489,0.797208035,0.993023305,0.968627469,0.910552851,0.005726603,0.002428273,0.829106495,0.998862612,SEKER
31762,662.124,248.1775532,163.5682922,1.517271776,0.752074849,32109,201.0985689,0.708561995,0.989193061,0.910414247,0.810301199,0.007813663,0.002077879,0.656588033,0.996222491,DERMASON
68291,1010.006,398.0005437,223.7605987,1.778689126,0.82699329,70414,294.8742134,0.722931487,0.969849746,0.841250681,0.740888971,0.005828009,0.00108321,0.548916468,0.976351752,CALI
37700,737.758,288.6566373,166.6939585,1.731656264,0.816403549,38096,219.0916038,0.787385129,0.989605208,0.870408972,0.759004213,0.007656675,0.001567461,0.576087395,0.997585346,DERMASON
31966,660.177,230.4733691,177.2507479,1.3002674,0.63916146,32322,201.7433401,0.742635443,0.98898583,0.921674091,0.875343389,0.007209953,0.002611115,0.766226049,0.996298753,DERMASON
44659,788.8,296.55365,192.243887,1.542590793,0.761419001,45142,238.4567148,0.810449332,0.98930043,0.901955382,0.804093002,0.006640401,0.001712376,0.646565557,0.997386074,SIRA
93084,1338.893,405.8493977,293.8842226,1.380983961,0.689672559,96777,344.264767,0.728596252,0.961840107,0.652518996,0.84825743,0.004360034,0.001392452,0.719540667,0.993674121,BARBUNYA
60024,959.984,356.1646862,215.3835281,1.653630105,0.796430432,60955,276.4505931,0.717501225,0.984726438,0.818477618,0.776187544,0.005933705,0.001328533,0.602467104,0.99625774,BARBUNYA
47687,837.565,320.610587,189.9617414,1.687763992,0.805570522,48275,246.4081455,0.676795345,0.987819782,0.854226075,0.768558979,0.006723228,0.001446993,0.590682905,0.996933337,SIRA
72568,1033.053,402.0006704,232.2303312,1.731042919,0.816258777,73798,303.9678392,0.768029126,0.983332882,0.854495562,0.756137642,0.005539641,0.00111703,0.571744134,0.989713635,CALI
44164,793.897,301.0864485,187.8248887,1.603016781,0.781565021,44830,237.1315062,0.796034607,0.985143877,0.880541732,0.787586115,0.006817463,0.001618061,0.620291889,0.994338307,SIRA
38657,739.945,290.6699879,169.7466428,1.712375474,0.811765117,38988,221.8549551,0.682889344,0.991510208,0.887235952,0.763253739,0.007519207,0.001574083,0.58255627,0.997555069,DERMASON
39087,716.009,253.8341742,196.4948033,1.291811132,0.633054816,39382,223.0854412,0.782506857,0.992509268,0.958087646,0.878862911,0.006494082,0.002389913,0.772400016,0.997794939,SEKER
73451,1081.601,421.2082024,222.8362332,1.890214156,0.848596524,74535,305.8115724,0.644714205,0.985456497,0.788993484,0.726034229,0.005734547,0.000982895,0.527125701,0.996380463,HOROZ
72553,1029.989,389.2478023,239.3532822,1.626248025,0.788595459,73700,303.9364221,0.784831898,0.984436906,0.859409333,0.780830156,0.005365013,0.001230203,0.609695732,0.99151648,CALI
44724,765.1,266.5169539,213.9523996,1.245683406,0.596285842,45054,238.6301854,0.808810764,0.992675456,0.960094759,0.895365874,0.005959148,0.002362469,0.801680049,0.998639534,SEKER
71778,1026.734,400.300318,231.3022087,1.730637681,0.816163028,73394,302.3087628,0.778047564,0.977981851,0.855628673,0.755204903,0.005576922,0.001119009,0.570334445,0.987042282,CALI
85681,1126.8,439.1739956,250.0541417,1.756315623,0.822078792,86751,330.2914432,0.782760826,0.987665848,0.848009493,0.752074227,0.005125687,0.00101152,0.565615643,0.993399589,CALI
44704,847.544,360.1876427,158.3920114,2.274026572,0.89812091,45127,238.5768233,0.738298927,0.990626454,0.782044995,0.662368152,0.008057168,0.000956665,0.438731569,0.997687245,HOROZ
46480,793.169,269.2271617,220.0689481,1.223376419,0.576056465,47029,243.2697557,0.755919854,0.988326352,0.928420068,0.903585486,0.005792323,0.002381823,0.81646673,0.998846145,SEKER
73849,1063.155,397.3697444,237.6445606,1.672117987,0.801463328,74917,306.638985,0.732985281,0.985744224,0.821034319,0.771671697,0.005380841,0.001176956,0.595477208,0.995708151,BARBUNYA
72848,1037.806,398.8815518,235.1223031,1.696485389,0.807801987,74019,304.553697,0.786355786,0.984179738,0.849953453,0.763519134,0.005475532,0.001147852,0.582961468,0.988985613,CALI
36006,693.059,229.3833925,199.9267542,1.147337151,0.490247284,36489,214.1127344,0.772329472,0.986763134,0.941985735,0.93342736,0.006370699,0.002983245,0.871286636,0.999659526,SEKER
28278,612.547,221.3212684,163.2194988,1.355973214,0.67537149,28550,189.7489601,0.79539829,0.990472855,0.947064853,0.857346252,0.007826624,0.00260843,0.735042597,0.996698072,DERMASON
45524,799.609,299.969982,193.6621241,1.548934689,0.763671505,45998,240.754973,0.787994184,0.989695204,0.894736041,0.802596885,0.006589271,0.00168658,0.644161759,0.997764494,SIRA
27098,622.92,236.0994315,146.5264842,1.611308923,0.784116661,27476,185.7477999,0.691363694,0.986242539,0.877571585,0.786735482,0.008712799,0.002058981,0.618952718,0.997324038,DERMASON
211734,1776.585,679.8398711,400.169975,1.698877761,0.808407039,213916,519.2187417,0.801840491,0.989799734,0.843001766,0.763736821,0.003210821,0.000673862,0.583293931,0.990945088,BOMBAY
192106,1680.348,605.2438765,407.4641658,1.485391667,0.739439411,194851,494.5674433,0.814008475,0.985912312,0.854972855,0.817137459,0.003150572,0.000866462,0.667713627,0.991816257,BOMBAY
156041,1480.302,540.3492309,370.2427825,1.459445684,0.728362821,157801,445.7326237,0.803076622,0.988846712,0.89484525,0.824897304,0.003462867,0.000989043,0.680455562,0.993087933,BOMBAY
61206,1003.509,359.4550303,219.1963153,1.639877157,0.79255397,62918,279.1592728,0.719089243,0.972789981,0.763767753,0.776618072,0.005872872,0.001317833,0.60313563,0.989068343,BARBUNYA
30966,654.058,248.1586784,159.2498566,1.558297657,0.766934053,31276,198.5626746,0.726867283,0.990088247,0.909625129,0.800143988,0.008013908,0.002026267,0.640230401,0.997669534,DERMASON
68564,1007.341,393.5252982,223.2566146,1.762659077,0.823494205,69105,295.4630199,0.724226804,0.992171333,0.849088559,0.750810739,0.005739532,0.001125066,0.563716766,0.993640474,CALI
144704,1442.997,545.1107486,338.9575733,1.608197579,0.783164843,145929,429.2351979,0.759708725,0.991605507,0.873292125,0.787427507,0.003767075,0.00089336,0.620042079,0.99715017,BOMBAY
44935,785.847,289.9400126,198.5056873,1.460613127,0.728877635,45472,239.1924308,0.821721162,0.988190535,0.914362931,0.824972133,0.006452432,0.001843573,0.680579021,0.994062652,SIRA
69978,1019.805,395.8064047,227.254477,1.74168804,0.818746181,70905,298.4941488,0.709104727,0.986926169,0.84554576,0.754141786,0.005656155,0.00112853,0.568729833,0.990549948,CALI
41195,759.615,284.0638731,185.4795379,1.531510571,0.757400918,41821,229.022058,0.798259892,0.985031444,0.897154639,0.806234371,0.006895591,0.0017972,0.650013861,0.995503099,SIRA
38169,735.359,276.2176728,176.64753,1.563665639,0.768772039,38731,220.4501762,0.771028604,0.985489659,0.886996328,0.798103083,0.007236702,0.001811158,0.636968531,0.996005804,SIRA
42365,746.022,264.5292803,204.5376552,1.293303573,0.634145585,42728,232.2515733,0.769405398,0.9915044,0.956563499,0.877980589,0.006244052,0.002288685,0.770849915,0.996942949,SEKER
79102,1091.847,414.2250757,243.9172737,1.698219521,0.808240865,80113,317.3575184,0.683871079,0.987380325,0.833822784,0.766147529,0.005236594,0.001112957,0.586982037,0.996824354,BARBUNYA
83546,1120.191,438.0143099,244.91133,1.788460787,0.82907324,84546,326.150381,0.789473187,0.988172119,0.836664549,0.744611246,0.005242792,0.00099417,0.554445907,0.991604764,CALI
51639,918.781,376.864103,174.8460507,2.155405293,0.885861457,52345,256.415321,0.610483881,0.986512561,0.768712028,0.680392001,0.007298052,0.000964769,0.462933274,0.99780883,HOROZ
182755,1630.171,616.8017129,379.60729,1.624841591,0.788180139,184677,482.3804443,0.824029903,0.98959264,0.864197102,0.78206729,0.00337502,0.000778812,0.611629247,0.993800638,BOMBAY
42440,775.99,296.2352492,183.021438,1.618582241,0.786315908,42863,232.4570633,0.777232437,0.990131349,0.885672153,0.784704264,0.006980095,0.001632545,0.615760782,0.996659467,SIRA
46383,820.606,306.53313,194.3638771,1.577109567,0.773274542,47250,243.015781,0.81339436,0.981650794,0.865564274,0.79278798,0.006608739,0.001610373,0.628512782,0.991233521,SIRA
79603,1099.178,429.9287571,237.4799943,1.810378842,0.833598674,80366,318.360939,0.765825829,0.990505935,0.827948349,0.740496963,0.005400911,0.001001705,0.548335753,0.992695445,CALI
40861,738.479,258.2850953,202.0524869,1.278306935,0.622921019,41373,228.0917382,0.784009363,0.987624779,0.941548195,0.88310066,0.006321066,0.002371434,0.779866776,0.996909109,SEKER
26148,599.118,218.2722857,152.953095,1.427053736,0.713412364,26484,182.4627842,0.740526763,0.987313095,0.915426762,0.835941144,0.008347571,0.002514448,0.698797596,0.99722172,DERMASON
42339,741.226,260.1993305,207.3063941,1.255143777,0.604346666,42676,232.1802944,0.771202186,0.99210329,0.968387491,0.892317032,0.006145618,0.002403378,0.796229686,0.999382735,SEKER
46874,826.694,309.4466282,193.7116667,1.597459944,0.779828044,47518,244.2986501,0.736665095,0.986447241,0.861890926,0.78946942,0.006601669,0.001581884,0.623261965,0.995636024,SIRA
31214,657.852,250.7045799,158.8731626,1.578017179,0.773573439,31547,199.3562117,0.801283532,0.989444321,0.906364509,0.795183765,0.008031799,0.0019809,0.63231722,0.997807436,DERMASON
29676,651.278,240.1081842,159.4323658,1.506019075,0.747730607,30383,194.3827583,0.712030328,0.976730408,0.879189333,0.809563235,0.008090989,0.002143801,0.655392631,0.987033804,DERMASON
48525,817.194,291.9815395,212.9270837,1.371274779,0.684249008,49068,248.5637723,0.74552913,0.988933725,0.913114143,0.851299615,0.006017136,0.001949393,0.724711035,0.993777964,SIRA
38617,731.032,276.9789911,177.9396075,1.556589873,0.766344388,38946,221.7401441,0.702548802,0.991552406,0.908062247,0.800566654,0.007172463,0.001817348,0.640906967,0.997629295,DERMASON
44806,785.824,291.877525,195.8439983,1.490357261,0.741475396,45256,238.8488456,0.803306022,0.990056567,0.911791337,0.81831873,0.006514251,0.001801915,0.669645544,0.998011099,SIRA
82124,1107.831,437.316754,240.869571,1.815574927,0.834644049,82957,323.362837,0.727140719,0.989958653,0.840877886,0.739424763,0.005325079,0.000981933,0.54674898,0.992663739,CALI
52105,863.127,333.8300125,199.4021853,1.674154233,0.802005587,52617,257.5696925,0.734328316,0.990269305,0.8789008,0.771559425,0.006406871,0.001400565,0.595303946,0.996630621,SIRA
84390,1131.241,396.2597491,271.6921699,1.458487925,0.727939277,85574,327.7936625,0.773588538,0.986164022,0.828687097,0.827219174,0.004695577,0.001356285,0.684291563,0.998030981,BARBUNYA
30019,643.041,244.227488,157.05247,1.555069385,0.765817374,30350,195.5028846,0.770567549,0.989093904,0.912281266,0.800495007,0.008135764,0.00206069,0.640792256,0.996476419,DERMASON
48053,825.869,303.520751,202.5562334,1.498451792,0.744739335,48678,247.3519352,0.724038693,0.987160524,0.885335831,0.814942419,0.006316375,0.001718523,0.664131147,0.995168508,SIRA
24417,606.972,237.3346044,131.4330586,1.805745122,0.832657696,24738,176.3198513,0.755523238,0.987024012,0.832846285,0.742916743,0.009720056,0.001826456,0.551925287,0.996636394,DERMASON
26824,607.935,223.4153303,153.3451948,1.456943797,0.727254145,27158,184.8063244,0.70962963,0.987701598,0.912050971,0.827187303,0.008328934,0.002405385,0.684238834,0.996897524,DERMASON
81562,1111.367,432.3076611,241.1157632,1.792946489,0.830014959,82251,322.2545015,0.772543002,0.991623202,0.829817781,0.745428616,0.005300356,0.001009506,0.555663822,0.996275498,CALI
39448,741.596,279.6156471,180.2467702,1.551293523,0.764500333,39909,224.1132606,0.742970148,0.988448721,0.901363767,0.801504719,0.007088208,0.001804432,0.642409814,0.996566183,DERMASON
50973,901.106,347.3629702,189.5035976,1.833015175,0.838078784,51881,254.7564313,0.7746892,0.98249841,0.788857022,0.733401235,0.006814646,0.001216157,0.537877372,0.985937384,HOROZ
58641,910.692,344.1535559,217.2837758,1.583889799,0.775492275,59181,273.2472143,0.704904436,0.99087545,0.888522006,0.793968883,0.005868821,0.001438615,0.630386587,0.998462884,BARBUNYA
32508,669.446,253.7809984,163.3564716,1.553541136,0.765285742,32850,203.4464822,0.778727991,0.989589041,0.9115259,0.801661604,0.007806724,0.0019889,0.642661327,0.998400808,DERMASON
42018,742.118,252.8851414,211.9111119,1.193354794,0.545710531,42387,231.2984634,0.806797235,0.991294501,0.958736606,0.914638409,0.006018495,0.002598157,0.83656342,0.998316968,SEKER
71972,1089.578,405.9336822,228.7808075,1.774334511,0.826053585,73618,302.7170238,0.693692652,0.977641338,0.761827743,0.745730244,0.005640161,0.001075965,0.556113597,0.986731546,HOROZ
43027,775.195,244.1335887,224.7026617,1.086473951,0.390957741,43738,234.0591333,0.783477184,0.983744113,0.899764812,0.958733841,0.005673963,0.002957049,0.919170579,0.99865489,SEKER
44029,823.817,327.69361,172.1976171,1.90300897,0.850803731,44653,236.7687984,0.700920148,0.986025575,0.815243203,0.72253102,0.007442677,0.001251224,0.522051076,0.99346788,HOROZ
92751,1148.629,436.2008929,273.8641726,1.592763627,0.77834279,94765,343.6484265,0.815128266,0.978747428,0.883423425,0.787821465,0.004702924,0.001117529,0.620662661,0.988568911,CALI
30880,640.707,230.455707,171.0007556,1.347688238,0.670387293,31220,198.2867548,0.819380688,0.989109545,0.945296866,0.860411562,0.007462944,0.002522986,0.740308056,0.99770446,DERMASON
91233,1271.386,440.8110544,264.470605,1.666767671,0.800027268,93179,340.8246813,0.684008097,0.979115466,0.709262454,0.773176348,0.004831706,0.00106511,0.597801665,0.99639649,BARBUNYA
75443,1070.292,380.7410438,253.5632975,1.501562125,0.745975747,76715,309.9306551,0.736101083,0.983419149,0.827607191,0.814019555,0.005046738,0.001366878,0.662627836,0.994976862,BARBUNYA
36641,711.783,262.2954817,178.2226545,1.471729183,0.733700666,37096,215.9925234,0.72468899,0.987734527,0.908828546,0.823470241,0.007158524,0.002030462,0.678103237,0.997984323,DERMASON
40690,750.562,281.8048666,184.1658951,1.530168582,0.756906862,41062,227.613965,0.762127739,0.990940529,0.907662532,0.807700618,0.006925654,0.001818202,0.652380289,0.998251821,DERMASON
44874,794.459,293.5172825,196.8215958,1.49128596,0.741853308,45424,239.0300218,0.763163265,0.987891863,0.893432341,0.814364387,0.006540921,0.001774573,0.663189355,0.989004974,SIRA
61464,948.743,361.5067374,217.5064023,1.662051018,0.798747599,62161,279.7470203,0.789518304,0.988787182,0.858091332,0.773836256,0.005881601,0.001300983,0.598822552,0.995273632,CALI
31794,670.637,247.673948,163.7450997,1.512557924,0.750269863,32247,201.1998461,0.765143311,0.985952182,0.888341627,0.81235773,0.007789959,0.002092687,0.659925081,0.998174911,DERMASON
27993,615.568,227.0331657,157.1875328,1.444345882,0.721557096,28289,188.7903456,0.740555556,0.989536569,0.928340372,0.831554037,0.008110355,0.002392112,0.691482117,0.998739348,DERMASON
45582,796.917,301.8024792,192.9652767,1.564024805,0.768894185,46061,240.9082915,0.728554304,0.989600747,0.901938775,0.798231652,0.006621089,0.001658154,0.63717377,0.996555581,SIRA
38118,707.806,249.0978612,195.2053347,1.276081217,0.62120364,38477,220.3028483,0.758567164,0.990669751,0.956117991,0.88440281,0.006534914,0.002466154,0.78216833,0.998110314,SEKER
64033,988.352,383.1935652,215.0761829,1.781664339,0.82763076,65273,285.5334442,0.695315554,0.981002865,0.823740507,0.745141542,0.005984314,0.001138018,0.555235918,0.989244035,CALI
151590,1499.481,569.2305202,341.2910881,1.667873965,0.80032555,153708,439.3294693,0.791175411,0.986220626,0.847224454,0.771795351,0.003755066,0.000821875,0.595668064,0.993499256,BOMBAY
141385,1429.427,525.900924,344.3551184,1.52720519,0.755810115,143530,424.2840712,0.719165192,0.985055389,0.869539345,0.806775672,0.003719637,0.000972057,0.650886984,0.99403798,BOMBAY
41776,763.46,281.2932672,189.615995,1.483489129,0.738652412,42174,230.6314272,0.800720679,0.990562906,0.900666776,0.81989672,0.00673337,0.001876933,0.672230632,0.997246835,SIRA
45626,811.443,298.4302641,195.6863029,1.525044214,0.755005294,46236,241.0245371,0.80828373,0.986806817,0.870775545,0.807641068,0.006540794,0.001716658,0.652284094,0.994762083,SIRA
50691,863.896,334.6120476,194.4775711,1.720568834,0.813758512,51356,254.0507543,0.718837744,0.987051172,0.853528047,0.759239711,0.006601015,0.001353026,0.576444939,0.991813196,SIRA
45073,807.346,287.449644,201.310847,1.427889496,0.713815004,45819,239.5594415,0.682097458,0.983718545,0.868974302,0.833396202,0.006377424,0.001897716,0.694549229,0.991739549,SIRA
35626,699.261,263.1929693,172.5213695,1.525567355,0.755200522,35986,212.9798864,0.761044177,0.98999611,0.915584251,0.809215713,0.007387665,0.001954088,0.654830071,0.998987379,DERMASON
36000,691.429,221.6979749,207.2346239,1.069792155,0.355277139,36450,214.0948939,0.779406352,0.987654321,0.946274601,0.965705231,0.006158277,0.003303827,0.932586592,0.99767382,SEKER
39377,777.438,312.4027624,161.8858003,1.92977248,0.855262012,39983,223.911486,0.741409501,0.984843559,0.818692781,0.716739776,0.007933635,0.001291511,0.513715907,0.991354819,HOROZ
88472,1150.062,449.5908041,252.7527135,1.778777359,0.827012248,89820,335.627843,0.664578404,0.984992207,0.840568675,0.746518478,0.00508173,0.00097354,0.557289839,0.991294547,CALI
53367,912.246,376.3529861,181.1850525,2.077174584,0.876488288,54010,260.6702415,0.632055807,0.988094797,0.805858365,0.692621691,0.007052167,0.001001121,0.479724806,0.996472175,HOROZ
42651,755.515,270.9975279,200.552465,1.351255034,0.672548832,43001,233.0342031,0.784256399,0.991860654,0.938972557,0.859912653,0.006353838,0.002143055,0.73944977,0.999185224,SEKER
60814,920.166,349.6813614,222.401283,1.572299209,0.771679777,61353,278.263885,0.796328305,0.991214774,0.902570365,0.795764132,0.005750014,0.001422283,0.633240554,0.995643621,CALI
36032,741.973,238.7682282,192.4767408,1.240504319,0.591746982,36713,214.1900261,0.771744951,0.981450712,0.822473718,0.89706251,0.006626561,0.002647029,0.804721147,0.998260058,SEKER
26306,653.403,227.9846758,147.4538841,1.54614222,0.762684228,26812,183.0132221,0.754293907,0.981127853,0.774287827,0.802743524,0.008666642,0.002219923,0.644397166,0.996329664,DERMASON
38246,745.217,297.3985416,164.8818847,1.803706588,0.832241089,38653,220.6724261,0.816332629,0.989470416,0.865426875,0.742009106,0.007775938,0.001454017,0.550577514,0.993080289,DERMASON
40292,742.57,261.4182115,197.5214725,1.323492622,0.655060352,40759,226.4980524,0.770136473,0.988542408,0.9182351,0.866420327,0.006488092,0.002255336,0.750684184,0.993524978,SIRA
48606,805.113,287.380339,215.5698919,1.333119094,0.661301136,48997,248.7711424,0.738782831,0.99201992,0.942293224,0.865651225,0.005912446,0.002047947,0.749352043,0.998975517,SEKER
72779,1065.022,361.2907741,258.664936,1.396752029,0.698154946,74246,304.4094296,0.729153517,0.98024136,0.806303955,0.842560761,0.004964217,0.001543247,0.709908636,0.991566328,BARBUNYA
53611,939.045,388.4942698,177.244331,2.191857238,0.889859793,54416,261.2654689,0.651251215,0.985206557,0.763995786,0.672507909,0.00724654,0.000914324,0.452266887,0.99130445,HOROZ
25911,613.905,233.389478,141.7567206,1.646408558,0.79440941,26288,181.6339997,0.705637255,0.985658856,0.863956144,0.778244166,0.009007351,0.00203817,0.605663982,0.997170363,DERMASON
38016,702.523,242.059273,200.2619577,1.208713207,0.561721907,38312,220.0078965,0.74893617,0.992273961,0.967955047,0.908900922,0.0063673,0.00268041,0.826100887,0.998519052,SEKER
59314,973.235,401.5320004,189.1397585,2.122938104,0.882109025,60033,274.8107173,0.602453938,0.988023254,0.786921913,0.68440552,0.006769599,0.000916214,0.468410915,0.99440738,HOROZ
36982,708.896,244.4526398,192.9153156,1.267149988,0.614171532,37558,216.9952646,0.760023839,0.98466372,0.924773139,0.88767814,0.006610044,0.002531665,0.78797248,0.998479318,SEKER
56981,1069.916,391.6784748,185.8725666,2.107241977,0.88022642,58649,269.3519306,0.664547957,0.971559617,0.625519087,0.687686324,0.006873843,0.00094829,0.47291248,0.99654103,HOROZ
37851,726.205,263.247378,184.7009001,1.425263103,0.712546546,38379,219.5299296,0.769172932,0.986242476,0.901921526,0.833930166,0.006954833,0.002074843,0.695439522,0.991184291,SIRA
35706,693.069,250.7097581,181.6645682,1.380069656,0.689168511,36096,213.2188809,0.724627093,0.989195479,0.934110205,0.850461037,0.007021502,0.002265831,0.723283976,0.998182268,DERMASON
42122,748.798,251.2047805,214.1417033,1.173077344,0.522794555,42516,231.5845334,0.78474551,0.990732901,0.944038044,0.921895407,0.005963743,0.002657206,0.849891142,0.996988043,SEKER
29983,637.582,231.8095088,164.8285853,1.406367157,0.703139556,30312,195.385622,0.762344266,0.989146213,0.926857254,0.842871472,0.007731365,0.002407029,0.710432318,0.99912868,DERMASON
46680,796.926,286.4499688,207.875944,1.377985174,0.688014212,47243,243.7925798,0.726423903,0.988082891,0.923644225,0.851082584,0.00613646,0.001986024,0.724341565,0.998131938,SEKER
36851,707.882,261.6030763,179.8202948,1.454802844,0.726299514,37279,216.6105964,0.712041581,0.988519005,0.924139222,0.82801242,0.007098941,0.002058357,0.685604568,0.997419476,DERMASON
26439,604.923,228.2848809,147.9001309,1.543506956,0.761746429,26738,183.4752853,0.769649511,0.988817413,0.907934867,0.803711944,0.008634399,0.002222356,0.645952888,0.997032777,DERMASON
42876,776.816,294.5524699,185.801991,1.585303087,0.775950173,43305,233.6480659,0.760779304,0.990093523,0.892869118,0.793230714,0.006869868,0.001677746,0.629214965,0.997496427,SIRA
47116,809.205,303.6299867,197.9538834,1.533842032,0.758255407,47605,244.9284679,0.741283826,0.98972797,0.904193045,0.806667584,0.006444307,0.001683195,0.650712591,0.998090324,SIRA
49422,859.314,325.5628232,194.4635313,1.674158754,0.802006788,50202,250.8506424,0.665741689,0.98446277,0.84105889,0.770513783,0.006587407,0.00143224,0.593691489,0.993933804,SIRA
42757,832.736,339.13826,162.045978,2.092852067,0.878459475,43391,233.3236019,0.599845679,0.985388675,0.774822832,0.687989618,0.00793176,0.001096167,0.473329714,0.990609071,HOROZ
29172,644.652,242.1016245,154.0686654,1.571387822,0.771375602,29587,192.7250477,0.762866109,0.985973569,0.882115392,0.796050205,0.00829911,0.002055763,0.633695928,0.995782064,DERMASON
39330,739.666,272.6571892,183.8340801,1.483169982,0.738520015,39753,223.7778168,0.787072243,0.989359294,0.903363415,0.820729567,0.00693255,0.001940319,0.673597022,0.999058883,SIRA
56546,951.015,315.4936373,229.1241617,1.376954901,0.687441033,57830,268.3218278,0.768225416,0.977796991,0.785664299,0.850482533,0.005579416,0.001800653,0.723320539,0.995979761,BARBUNYA
71879,1021.137,396.5505994,233.7264399,1.696644161,0.807842235,72910,302.5213798,0.779142368,0.985859279,0.866251231,0.762882165,0.005516919,0.001152673,0.581989198,0.987428574,CALI
50573,883.651,366.3602801,177.7668948,2.060902737,0.874389742,51154,253.7548886,0.802644109,0.988642139,0.813892477,0.692637555,0.007244187,0.001028475,0.479746783,0.988711457,HOROZ
39215,709.517,244.5157546,204.7266034,1.194352617,0.546784053,39488,223.4504168,0.77324263,0.993086507,0.978895816,0.91384875,0.006235261,0.00268245,0.835119538,0.997427206,SEKER
37583,717.057,259.2028285,185.1352856,1.400072534,0.699891979,38057,218.7513698,0.799638298,0.987544998,0.918531276,0.843938977,0.00689681,0.002158103,0.712232996,0.997177856,DERMASON
54340,939.694,383.1179338,182.1098958,2.103773286,0.879804135,55162,263.0358091,0.787501993,0.985098437,0.773315278,0.686566161,0.007050385,0.000966323,0.471373094,0.991662122,HOROZ
68008,996.629,371.7058809,234.4417579,1.58549349,0.776011749,69070,294.2625952,0.725465096,0.984624294,0.860404805,0.791654398,0.00546562,0.001324225,0.626716685,0.993655224,CALI
22333,545.278,201.0372975,142.0385806,1.415371068,0.707684588,22596,168.6275741,0.799434422,0.988360772,0.943889116,0.83878751,0.009001804,0.002748636,0.703564486,0.995804819,DERMASON
31507,644.759,232.2807816,173.1442548,1.34154484,0.666607063,31766,200.289686,0.824920145,0.991846628,0.95240593,0.862274032,0.007372355,0.002514011,0.743516506,0.997460732,DERMASON
52369,868.397,342.6756601,195.2762541,1.754825039,0.821743613,52934,258.2213812,0.692876611,0.989326331,0.872664916,0.753544565,0.006543483,0.001301441,0.567829411,0.996441269,SIRA
57271,990.081,355.8043692,206.0400353,1.726870065,0.815269045,58861,270.0364827,0.669640456,0.972987207,0.734181062,0.758946506,0.006212645,0.001271455,0.575999798,0.994676809,BARBUNYA
30876,658.207,255.5410157,154.2852652,1.656289182,0.797166674,31212,198.273912,0.743355162,0.98923491,0.895583127,0.775898583,0.008276364,0.001850287,0.602018611,0.997116913,DERMASON
29495,636.061,233.8000818,160.9328052,1.452780752,0.725392842,29825,193.7890615,0.73392555,0.988935457,0.916137645,0.828866526,0.00792677,0.002307886,0.687019718,0.998089022,DERMASON
55261,919.849,377.7099314,187.8121522,2.011104857,0.867613544,55893,265.2555192,0.776704897,0.988692681,0.820720956,0.702273086,0.006835018,0.001025519,0.493187488,0.991851752,HOROZ
31573,674.103,217.3070261,185.4482507,1.171793345,0.52126839,32197,200.499357,0.756964757,0.980619312,0.873118507,0.922654737,0.006882685,0.003076767,0.851291764,0.997538024,SEKER
44411,784.979,295.4961176,192.3754878,1.536038302,0.759055918,44834,237.7936951,0.831947098,0.990565196,0.905699941,0.804726969,0.00665367,0.001721215,0.647585495,0.994716123,SIRA
51478,899.728,372.0821857,176.8809099,2.103574579,0.879779875,52176,256.0152833,0.787908472,0.986622202,0.799114585,0.688061114,0.007227984,0.000999321,0.473428097,0.99589131,HOROZ
40393,741.285,275.6375479,186.9476224,1.474410556,0.734843099,40818,226.7817562,0.73207554,0.989587927,0.923731065,0.822753496,0.006823894,0.001928817,0.676923315,0.998062882,DERMASON
60756,953.871,381.054531,203.6893462,1.870763189,0.845142417,61292,278.1311593,0.812898047,0.991254976,0.839111642,0.729898575,0.006271883,0.001098064,0.53275193,0.996652701,HOROZ
45568,805.54,303.0984817,192.2064217,1.576942534,0.773219465,46152,240.8712925,0.78410049,0.987346161,0.882461181,0.794696467,0.006651564,0.001636472,0.631542475,0.99590619,SIRA
42820,750.13,265.1422695,206.3057277,1.285191024,0.6281473,43166,233.4954332,0.802774653,0.991984432,0.956276444,0.880642055,0.006192019,0.002297258,0.77553043,0.996704747,SEKER
30409,642.868,236.4930792,163.9142466,1.442785384,0.720837813,30787,196.7687509,0.73364858,0.98772209,0.924630863,0.832027523,0.007777075,0.002299042,0.692269799,0.998796748,DERMASON
48287,869.941,343.7255152,180.0046457,1.909536911,0.851910639,49001,247.9534591,0.665110193,0.985428869,0.80178973,0.721370536,0.007118386,0.001189036,0.52037545,0.99367613,HOROZ
47894,858.581,346.9975704,177.5266606,1.954622304,0.859219103,48717,246.9423713,0.67503876,0.983106513,0.816447807,0.711654468,0.007245116,0.001146309,0.506452082,0.989922534,HOROZ
77101,1064.106,419.528144,237.0283086,1.769949533,0.825099217,78352,313.3177974,0.799736536,0.984033592,0.855657755,0.746833798,0.00544128,0.001044183,0.557760722,0.98720833,CALI
54878,943.81,384.4567977,182.5230479,2.10634658,0.880117632,55627,264.3347116,0.641397849,0.986535316,0.774174728,0.687553746,0.007005663,0.00096573,0.472730154,0.995733543,HOROZ
39775,753.771,273.8009306,186.2738571,1.46988383,0.732909753,40304,225.0402251,0.694881202,0.986874752,0.879713391,0.821911834,0.006883744,0.001937784,0.675539063,0.992963945,SIRA
68352,1003.918,399.5254213,219.8800951,1.817014956,0.834931945,69077,295.0058802,0.783000172,0.989504466,0.852245288,0.738390762,0.005845117,0.00107181,0.545220917,0.990674561,CALI
38898,728.258,255.2031052,194.6186372,1.311298388,0.646866882,39279,222.5454376,0.738522878,0.99030016,0.921651232,0.87203264,0.006560828,0.002340289,0.760440926,0.99716496,SEKER
73658,1085.142,387.6075045,242.3368506,1.599457546,0.780454993,74965,306.2421891,0.798616532,0.982565197,0.786061708,0.79008323,0.005262259,0.001264863,0.62423151,0.9984318,BARBUNYA
30619,672.851,227.1528828,172.0958276,1.319920918,0.652694567,31210,197.4470097,0.807676075,0.981063762,0.849890671,0.869225199,0.00741869,0.002612379,0.755552446,0.997269478,DERMASON
57504,954.593,374.6475276,203.1995126,1.843742255,0.840136409,59943,270.5852302,0.737457679,0.959311346,0.792996789,0.722239466,0.006515156,0.001093527,0.521629846,0.961750988,HOROZ
60880,970.236,354.037596,219.7636533,1.610992494,0.784020164,61670,278.4148406,0.688423005,0.987189882,0.812699024,0.786399083,0.005815335,0.001371913,0.618423517,0.996275644,BARBUNYA
86875,1114.452,427.9099848,260.1130483,1.645092346,0.794037626,87578,332.5848545,0.837349398,0.99197287,0.878985975,0.777230881,0.004925583,0.00110876,0.604087842,0.993780286,CALI
48230,826.694,307.4811191,201.110621,1.528915368,0.756444021,48983,247.8070686,0.786016949,0.98462732,0.886824239,0.805926131,0.006375308,0.001659059,0.649516928,0.993056413,SIRA
53347,859.683,319.4557212,213.1670012,1.498617138,0.744805308,53832,260.621392,0.806747724,0.990990489,0.90707498,0.815829471,0.00598826,0.001636357,0.665577726,0.997446186,SIRA
